,Date_format,IsOfficialReport,Latitude,Longitude,震度,YouWin
0,2019-05-08 23:48:47,1.0,24.82,122.49,2.0,
1,2019-05-08 23:49:28,0.0,37.404,-122.075,,1.0
2,2019-05-08 23:56:55,0.0,25.048,121.532,,0.0
4,2019-05-10 21:49:30,1.0,24.5,121.92,3.0,
5,2019-05-10 21:50:07,0.0,25.048,121.532,,1.0
7,2019-05-13 16:55:21,1.0,24.75,121.9,3.0,
8,2019-05-13 16:55:49,0.0,25.048,121.532,,1.0
9,2019-05-13 16:55:51,0.0,25.048,121.532,,0.0
10,2019-05-13 16:55:54,0.0,25.048,121.532,,0.0
11,2019-05-13 16:55:59,0.0,25.048,121.532,,0.0
12,2019-05-13 16:56:02,0.0,25.048,121.532,,0.0
13,2019-05-13 16:56:04,0.0,25.048,121.532,,0.0
14,2019-05-13 16:56:10,0.0,25.048,121.532,,0.0
15,2019-05-13 16:56:21,0.0,25.048,121.532,,0.0
16,2019-05-13 16:56:22,0.0,25.048,121.532,,0.0
17,2019-05-13 16:56:28,0.0,24.807,120.971,,0.0
18,2019-05-13 16:56:44,0.0,25.048,121.532,,0.0
19,2019-05-13 16:56:46,0.0,24.147,120.684,,0.0
20,2019-05-13 16:56:46,0.0,,,,0.0
21,2019-05-13 16:56:52,0.0,25.048,121.532,,0.0
22,2019-05-13 16:57:00,0.0,24.147,120.684,,0.0
23,2019-05-13 16:57:09,0.0,25.048,121.532,,0.0
24,2019-05-13 16:57:22,0.0,25.048,121.532,,0.0
25,2019-05-13 16:57:44,0.0,25.048,121.532,,0.0
26,2019-05-13 16:57:45,0.0,24.071,120.542,,0.0
27,2019-05-13 16:58:44,0.0,25.048,121.532,,0.0
28,2019-05-13 16:59:08,0.0,25.048,121.532,,0.0
29,2019-05-13 17:00:50,0.0,23.906,120.687,,0.0
30,2019-05-13 17:01:31,0.0,25.048,121.532,,0.0
31,2019-05-13 17:03:10,0.0,22.615,120.314,,0.0
32,2019-05-13 17:03:39,0.0,25.048,121.532,,0.0
33,2019-05-13 17:04:36,0.0,25.048,121.532,,0.0
35,2019-05-19 00:38:34,1.0,24.03,122.19,1.0,
36,2019-05-19 00:39:45,0.0,24.147,120.684,,1.0
37,2019-05-19 00:39:45,0.0,,,,1.0
38,2019-05-19 00:40:12,0.0,25.048,121.532,,0.0
39,2019-05-19 00:40:40,0.0,22.615,120.314,,0.0
44,2019-05-22 09:37:24,1.0,23.96,121.64,4.0,
45,2019-05-22 09:37:45,0.0,37.404,-122.075,,1.0
46,2019-05-23 14:12:49,1.0,24.02,121.55,5.0,
47,2019-05-23 14:13:10,0.0,37.404,-122.075,,1.0
48,2019-05-23 14:14:38,0.0,25.048,121.532,,0.0
49,2019-05-23 14:16:22,0.0,22.615,120.314,,0.0
50,2019-05-23 14:19:43,0.0,25.048,121.532,,0.0
52,2019-05-27 22:06:26,1.0,24.49,121.65,2.0,
53,2019-05-27 22:07:09,0.0,25.048,121.532,,1.0
54,2019-05-27 22:07:09,0.0,,,,1.0
56,2019-05-31 23:53:18,1.0,22.92,120.58,4.0,
57,2019-05-31 23:53:37,0.0,24.807,120.971,,1.0
58,2019-05-31 23:59:26,0.0,22.615,120.314,,0.0
64,2019-06-04 17:46:18,1.0,22.84,121.61,5.0,
65,2019-06-04 17:46:46,0.0,24.807,120.971,,1.0
66,2019-06-04 17:49:37,0.0,22.615,120.314,,0.0
67,2019-06-04 17:49:37,0.0,,,,0.0
68,2019-06-04 17:50:10,0.0,25.048,121.532,,0.0
69,2019-06-04 17:51:38,0.0,25.048,121.532,,0.0
70,2019-06-04 17:54:05,0.0,25.048,121.532,,0.0
73,2019-06-06 03:27:20,1.0,23.83,121.58,4.0,
74,2019-06-06 03:27:46,0.0,24.147,120.684,,1.0
75,2019-06-26 05:08:34,1.0,23.38,120.5,3.0,
76,2019-06-26 05:09:08,0.0,23.463,120.582,,1.0
77,2019-06-26 05:09:14,0.0,22.991,120.213,,0.0
78,2019-06-26 05:09:32,0.0,24.071,120.542,,0.0
79,2019-06-30 00:20:06,1.0,25.07,122.18,2.0,
80,2019-06-30 00:21:12,0.0,25.048,121.532,,1.0
81,2019-06-30 03:44:12,1.0,22.32,122.36,3.0,
82,2019-06-30 03:45:30,0.0,22.671,120.488,,1.0
83,2019-06-30 03:53:24,0.0,22.991,120.213,,0.0
85,2019-07-07 11:51:03,1.0,23.29,120.13,3.0,
86,2019-07-07 11:51:49,0.0,23.482,120.45,,1.0
87,2019-07-07 11:51:58,0.0,22.991,120.213,,0.0
88,2019-07-07 11:52:22,0.0,25.048,121.532,,0.0
89,2019-07-07 11:52:22,0.0,,,,0.0
91,2019-07-12 05:10:07,1.0,24.07,121.65,4.0,
92,2019-07-12 05:10:38,0.0,24.071,120.542,,1.0
93,2019-07-16 23:56:01,1.0,22.96,120.16,3.0,
94,2019-07-16 23:56:24,0.0,22.991,120.213,,1.0
95,2019-07-16 23:57:17,0.0,25.048,121.532,,0.0
96,2019-07-19 00:30:44,1.0,23.43,120.38,3.0,
97,2019-07-19 00:31:00,0.0,25.048,121.532,,1.0
98,2019-07-19 00:37:09,0.0,24.989,121.318,,0.0
99,2019-07-26 14:39:56,1.0,24.75,121.84,2.0,
100,2019-07-26 14:40:29,0.0,25.048,121.532,,1.0
101,2019-07-26 14:46:49,0.0,25.048,121.532,,0.0
102,2019-07-26 14:46:49,0.0,,,,0.0
104,2019-08-03 06:24:43,1.0,23.69,121.54,4.0,
105,2019-08-03 06:25:51,0.0,25.048,121.532,,1.0
106,2019-08-03 06:25:51,0.0,,,,1.0
107,2019-08-05 11:39:38,1.0,23.3,120.45,3.0,
108,2019-08-05 11:39:56,0.0,25.048,121.532,,1.0
109,2019-08-05 11:40:06,0.0,24.071,120.542,,0.0
110,2019-08-06 09:19:48,1.0,23.67,121.53,5.0,
111,2019-08-06 09:20:36,0.0,23.981,121.612,,1.0
112,2019-08-07 01:00:41,1.0,25.15,121.55,3.0,
113,2019-08-07 01:01:01,0.0,25.048,121.532,,1.0
114,2019-08-07 01:01:11,0.0,25.048,121.532,,0.0
115,2019-08-07 01:01:12,0.0,25.048,121.532,,0.0
116,2019-08-07 01:01:18,0.0,25.048,121.532,,0.0
117,2019-08-07 01:01:19,0.0,25.048,121.532,,0.0
118,2019-08-07 01:01:19,0.0,,,,0.0
119,2019-08-07 01:01:27,0.0,25.048,121.532,,0.0
120,2019-08-07 01:01:38,0.0,25.048,121.532,,0.0
121,2019-08-07 01:01:41,0.0,25.048,121.532,,0.0
122,2019-08-07 01:01:47,0.0,25.048,121.532,,0.0
123,2019-08-07 01:01:47,0.0,,,,0.0
124,2019-08-07 01:01:58,0.0,25.048,121.532,,0.0
125,2019-08-07 01:02:21,0.0,25.048,121.532,,0.0
126,2019-08-07 01:02:59,0.0,25.048,121.532,,0.0
127,2019-08-07 01:03:06,0.0,25.048,121.532,,0.0
128,2019-08-07 01:03:32,0.0,23.57,119.57,,0.0
129,2019-08-07 01:03:48,0.0,25.048,121.532,,0.0
130,2019-08-07 01:03:48,0.0,,,,0.0
131,2019-08-07 01:04:15,0.0,22.991,120.213,,0.0
132,2019-08-07 01:08:46,0.0,35.69,139.69,,0.0
133,2019-08-07 01:09:27,0.0,25.048,121.532,,0.0
134,2019-08-07 01:10:06,0.0,25.048,121.532,,0.0
135,2019-08-07 01:10:20,0.0,25.048,121.532,,0.0
143,2019-08-08 05:28:03,1.0,24.44,121.91,6.0,
144,2019-08-08 05:28:28,0.0,25.048,121.532,,1.0
145,2019-08-08 05:36:56,0.0,25.048,121.532,,0.0
166,2019-08-16 05:41:40,1.0,23.57,120.72,4.0,
167,2019-08-16 05:42:00,0.0,24.071,120.542,,1.0
168,2019-08-16 05:42:27,0.0,24.147,120.684,,0.0
169,2019-08-16 05:42:42,0.0,25.048,121.532,,0.0
170,2019-08-16 05:42:43,0.0,23.5,121.0,,0.0
171,2019-08-16 05:42:55,0.0,24.147,120.684,,0.0
172,2019-08-16 05:43:01,0.0,25.048,121.532,,0.0
173,2019-08-16 05:43:07,0.0,25.048,121.532,,0.0
174,2019-08-16 05:43:18,0.0,24.071,120.542,,0.0
175,2019-08-16 05:44:15,0.0,24.147,120.684,,0.0
180,2019-08-17 22:52:10,1.0,23.72,121.53,4.0,
181,2019-08-17 22:52:42,0.0,24.147,120.684,,1.0
182,2019-08-18 12:05:14,1.0,23.74,121.54,5.0,
183,2019-08-18 12:05:33,0.0,24.147,120.684,,1.0
184,2019-08-30 14:46:19,1.0,22.85,120.66,3.0,
185,2019-08-30 14:47:14,0.0,22.991,120.213,,1.0
186,2019-09-13 23:36:05,1.0,23.75,120.62,3.0,
187,2019-09-13 23:36:27,0.0,22.991,120.213,,1.0
191,2019-09-21 17:34:48,1.0,24.46,120.94,3.0,
192,2019-09-21 17:38:19,0.0,24.564,120.824,,1.0
195,2019-10-01 01:12:58,1.0,22.91,120.59,4.0,
196,2019-10-01 01:13:32,0.0,22.615,120.314,,1.0
197,2019-10-01 01:18:38,0.0,25.048,121.532,,0.0
199,2019-10-01 13:27:42,1.0,23.04,121.11,2.0,
202,2019-10-05 22:34:23,1.0,24.33,121.71,3.0,
203,2019-10-05 22:35:25,0.0,25.048,121.532,,1.0
204,2019-10-08 01:17:06,1.0,24.66,122.36,3.0,
205,2019-10-08 01:17:49,0.0,25.048,121.532,,1.0
206,2019-10-08 01:17:49,0.0,,,,1.0
207,2019-10-08 01:23:38,0.0,25.048,121.532,,0.0
212,2019-10-17 19:44:33,1.0,24.03,122.5,3.0,
213,2019-10-17 19:45:29,0.0,25.048,121.532,,1.0
214,2019-10-17 19:45:39,0.0,24.071,120.542,,0.0
215,2019-10-17 19:45:43,0.0,25.048,121.532,,0.0
216,2019-10-17 19:45:44,0.0,25.048,121.532,,0.0
217,2019-10-17 19:46:00,0.0,24.807,120.971,,0.0
218,2019-10-17 19:46:25,0.0,24.147,120.684,,1.0
219,2019-10-17 19:46:31,0.0,24.147,120.684,,0.0
220,2019-10-17 19:46:41,0.0,25.048,121.532,,0.0
221,2019-10-17 19:46:43,0.0,25.048,121.532,,0.0
222,2019-10-17 19:46:52,0.0,25.048,121.532,,0.0
223,2019-10-17 19:46:58,0.0,25.048,121.532,,0.0
224,2019-10-17 19:47:13,0.0,25.048,121.532,,0.0
225,2019-10-17 19:47:57,0.0,25.048,121.532,,0.0
226,2019-10-17 19:48:06,0.0,24.147,120.684,,0.0
227,2019-10-17 19:49:01,0.0,24.147,120.684,,0.0
228,2019-10-17 19:52:22,0.0,25.048,121.532,,0.0
229,2019-10-17 19:54:08,0.0,25.048,121.532,,0.0
230,2019-10-17 19:54:26,0.0,25.048,121.532,,0.0
234,2019-10-19 09:29:11,1.0,23.05,120.55,3.0,
235,2019-10-19 09:30:05,0.0,23.148000000000003,120.47,,1.0
237,2019-10-28 07:28:03,1.0,24.48,121.89,4.0,
238,2019-10-28 07:28:41,0.0,24.757,121.753,,1.0
239,2019-10-28 07:28:46,0.0,25.048,121.532,,0.0
240,2019-11-03 03:26:34,1.0,24.41,121.91,3.0,
241,2019-11-03 03:27:11,0.0,24.757,121.753,,1.0
242,2019-11-03 03:27:30,0.0,25.048,121.532,,0.0
243,2019-11-03 03:27:42,0.0,25.048,121.532,,0.0
244,2019-11-03 03:28:09,0.0,25.048,121.532,,0.0
247,2019-11-04 11:32:17,1.0,24.02,121.51,4.0,
248,2019-11-04 11:32:55,0.0,25.048,121.532,,1.0
250,2019-11-12 02:11:33,1.0,24.88,121.92,2.0,
251,2019-11-12 02:12:31,0.0,25.048,121.532,,1.0
255,2019-11-18 02:56:56,1.0,24.53,121.7,2.0,
256,2019-11-18 02:57:46,0.0,24.147,120.684,,1.0
257,2019-11-18 02:57:47,0.0,25.048,121.532,,0.0
258,2019-11-18 02:57:53,0.0,25.048,121.532,,0.0
259,2019-11-18 02:59:14,0.0,25.048,121.532,,0.0
260,2019-11-23 18:56:32,1.0,22.97,120.17,2.0,
261,2019-11-23 18:57:24,0.0,22.615,120.314,,1.0
265,2019-11-25 09:32:42,1.0,24.03,121.75,3.0,
266,2019-11-25 09:33:39,0.0,25.048,121.532,,1.0
268,2019-12-02 01:34:40,1.0,24.39,121.96,2.0,
269,2019-12-02 01:35:49,0.0,25.048,121.532,,1.0
270,2019-12-05 14:46:30,1.0,22.73,120.41,2.0,
271,2019-12-05 14:47:23,0.0,24.564,120.824,,1.0
272,2019-12-05 14:47:29,0.0,22.991,120.213,,0.0
273,2019-12-05 14:47:39,0.0,22.615,120.314,,0.0
276,2019-12-07 03:32:33,1.0,24.56,122.68,3.0,
277,2019-12-07 03:33:53,0.0,25.048,121.532,,1.0
278,2019-12-11 21:23:58,1.0,24.79,121.89,3.0,
279,2019-12-11 21:24:17,0.0,24.757,121.753,,1.0
280,2019-12-11 22:02:05,1.0,24.79,121.89,4.0,
281,2019-12-11 22:02:52,0.0,24.071,120.542,,1.0
282,2019-12-11 22:03:07,0.0,25.048,121.532,,0.0
283,2019-12-11 22:05:51,0.0,25.048,121.532,,1.0
284,2019-12-11 22:05:51,0.0,,,,1.0
288,2020-01-01 03:10:10,1.0,24.08,121.67,4.0,
289,2020-01-01 03:10:51,0.0,25.048,121.532,,1.0
290,2020-01-01 03:11:16,0.0,25.048,121.532,,0.0
293,2020-01-06 14:53:55,1.0,23.38,120.26,4.0,
294,2020-01-06 14:54:21,0.0,22.991,120.213,,1.0
295,2020-01-06 14:54:31,0.0,23.707,120.385,,0.0
296,2020-01-06 14:55:23,0.0,22.615,120.314,,0.0
297,2020-01-11 23:19:31,1.0,24.8,121.82,3.0,
298,2020-01-11 23:19:54,0.0,24.757,121.753,,1.0
299,2020-01-15 20:41:48,1.0,25.19,121.61,3.0,
300,2020-01-15 20:42:14,0.0,25.048,121.532,,1.0
301,2020-01-15 20:42:25,0.0,25.048,121.532,,0.0
302,2020-01-15 20:42:25,0.0,,,,0.0
303,2020-01-15 20:42:50,0.0,25.048,121.532,,0.0
312,2020-01-28 00:12:31,1.0,22.65,120.63,2.0,
313,2020-01-28 00:13:02,0.0,22.615,120.314,,1.0
314,2020-01-28 00:13:38,0.0,25.048,121.532,,0.0
315,2020-01-28 00:14:20,0.0,22.615,120.314,,0.0
316,2020-01-28 00:14:20,0.0,,,,0.0
318,2020-01-31 14:09:38,1.0,24.84,122.06,2.0,
319,2020-01-31 14:10:11,0.0,25.048,121.532,,1.0
322,2020-01-31 16:24:40,1.0,24.84,122.04,2.0,
323,2020-01-31 16:25:47,0.0,25.048,121.532,,1.0
324,2020-02-02 23:48:10,1.0,24.83,121.9,2.0,
325,2020-02-02 23:49:04,0.0,25.048,121.532,,1.0
326,2020-02-02 23:56:44,0.0,25.048,121.532,,0.0
332,2020-02-03 08:19:57,1.0,25.15,121.56,2.0,
333,2020-02-03 08:20:22,0.0,25.048,121.532,,1.0
338,2020-02-04 01:02:56,1.0,23.57,121.53,4.0,
339,2020-02-04 01:03:28,0.0,23.981,121.612,,1.0
340,2020-02-04 01:09:58,0.0,22.615,120.314,,0.0
341,2020-02-04 01:12:10,0.0,39.048,-77.473,,0.0
345,2020-02-07 03:31:33,1.0,22.96,120.15,2.0,
346,2020-02-07 03:32:46,0.0,25.048,121.532,,1.0
347,2020-02-07 03:33:25,0.0,25.048,121.532,,0.0
357,2020-02-07 19:57:39,1.0,24.3,122.09,3.0,
358,2020-02-07 19:58:20,0.0,25.048,121.532,,1.0
359,2020-02-07 19:58:42,0.0,25.048,121.532,,0.0
364,2020-02-08 00:01:25,1.0,24.22,121.62,3.0,
365,2020-02-08 00:02:09,0.0,24.071,120.542,,1.0
397,2020-02-13 15:44:06,1.0,22.67,120.68,3.0,
398,2020-02-13 15:44:57,0.0,22.615,120.314,,1.0
411,2020-02-14 01:49:19,1.0,24.29,122.12,2.0,
412,2020-02-14 01:49:52,0.0,25.048,121.532,,1.0
413,2020-02-14 01:49:52,0.0,,,,1.0
414,2020-02-14 01:50:04,0.0,24.757,121.753,,0.0
415,2020-02-14 01:50:11,0.0,25.048,121.532,,0.0
416,2020-02-14 01:50:11,0.0,25.048,121.532,,0.0
417,2020-02-14 01:50:20,0.0,25.048,121.532,,0.0
418,2020-02-14 01:50:20,0.0,25.048,121.532,,0.0
419,2020-02-14 01:50:20,0.0,25.048,121.532,,0.0
420,2020-02-14 01:50:21,0.0,24.807,120.971,,0.0
421,2020-02-14 01:50:22,0.0,25.048,121.532,,0.0
422,2020-02-14 01:50:34,0.0,25.048,121.532,,0.0
423,2020-02-14 01:50:40,0.0,25.048,121.532,,0.0
424,2020-02-14 01:50:42,0.0,24.989,121.318,,0.0
425,2020-02-14 01:50:46,0.0,25.048,121.532,,0.0
426,2020-02-14 01:51:15,0.0,25.048,121.532,,0.0
427,2020-02-14 01:51:17,0.0,25.048,121.532,,0.0
428,2020-02-14 01:51:19,0.0,24.807,120.971,,0.0
429,2020-02-14 01:51:21,0.0,25.048,121.532,,0.0
430,2020-02-14 01:51:40,0.0,24.963,121.24,,0.0
431,2020-02-14 01:54:04,0.0,24.071,120.542,,0.0
432,2020-02-14 01:54:09,0.0,25.048,121.532,,0.0
433,2020-02-14 01:54:54,0.0,24.989,121.318,,0.0
434,2020-02-14 01:55:50,0.0,25.048,121.532,,0.0
435,2020-02-14 01:56:26,0.0,24.147,120.684,,0.0
440,2020-02-15 19:00:06,1.0,23.86,121.51,4.0,
441,2020-02-15 19:00:36,0.0,25.048,121.532,,1.0
442,2020-02-15 19:00:38,0.0,25.048,121.532,,0.0
443,2020-02-15 19:00:59,0.0,24.147,120.684,,1.0
444,2020-02-15 19:01:03,0.0,25.048,121.532,,0.0
445,2020-02-15 19:01:03,0.0,23.981,121.612,,0.0
446,2020-02-15 19:01:16,0.0,25.048,121.532,,0.0
447,2020-02-15 19:01:20,0.0,24.147,120.684,,0.0
448,2020-02-15 19:01:22,0.0,22.615,120.314,,0.0
449,2020-02-15 19:01:22,0.0,24.989,121.318,,0.0
450,2020-02-15 19:01:27,0.0,25.048,121.532,,0.0
451,2020-02-15 19:01:28,0.0,25.048,121.532,,0.0
452,2020-02-15 19:01:28,0.0,,,,0.0
453,2020-02-15 19:01:30,0.0,23.707,120.385,,0.0
454,2020-02-15 19:01:30,0.0,24.989,121.318,,0.0
455,2020-02-15 19:01:31,0.0,25.048,121.532,,0.0
456,2020-02-15 19:01:32,0.0,25.048,121.532,,0.0
457,2020-02-15 19:01:32,0.0,,,,0.0
458,2020-02-15 19:01:34,0.0,25.048,121.532,,0.0
459,2020-02-15 19:01:53,0.0,24.071,120.542,,0.0
460,2020-02-15 19:01:55,0.0,24.989,121.318,,0.0
461,2020-02-15 19:02:19,0.0,24.147,120.684,,0.0
462,2020-02-15 19:02:26,0.0,25.048,121.532,,0.0
463,2020-02-15 19:02:40,0.0,25.048,121.532,,0.0
464,2020-02-15 19:02:48,0.0,24.071,120.542,,1.0
465,2020-02-15 19:02:55,0.0,24.071,120.542,,0.0
466,2020-02-15 19:03:02,0.0,25.048,121.532,,0.0
467,2020-02-15 19:03:38,0.0,22.615,120.314,,0.0
468,2020-02-15 19:03:52,0.0,3.107,101.608,,0.0
469,2020-02-16 03:16:32,1.0,23.84,121.52,4.0,
470,2020-02-16 03:17:10,0.0,25.048,121.532,,1.0
471,2020-02-16 03:20:13,1.0,23.85,121.52,4.0,
472,2020-02-16 03:21:16,0.0,,,,1.0
473,2020-02-16 03:22:30,0.0,25.048,121.532,,0.0
474,2020-02-16 03:23:02,0.0,25.048,121.532,,0.0
475,2020-02-16 03:23:02,0.0,,,,0.0
476,2020-02-16 03:23:34,0.0,25.048,121.532,,0.0
481,2020-02-19 19:55:07,1.0,23.99,121.0,3.0,
482,2020-02-19 19:55:27,0.0,24.147,120.684,,1.0
483,2020-02-19 19:55:27,0.0,25.048,121.532,,1.0
484,2020-02-19 19:57:36,0.0,23.906,120.687,,0.0
485,2020-02-19 19:57:36,0.0,,,,0.0
488,2020-02-24 20:10:33,1.0,23.83,121.55,4.0,
489,2020-02-24 20:10:57,0.0,23.981,121.612,,1.0
490,2020-02-25 09:00:14,1.0,24.54,122.15,2.0,
491,2020-02-25 09:01:01,0.0,25.048,121.532,,1.0
492,2020-02-25 09:04:57,0.0,25.048,121.532,,0.0
493,2020-02-25 23:39:35,1.0,24.4,121.4,4.0,
494,2020-02-25 23:40:18,0.0,25.048,121.532,,1.0
495,2020-02-25 23:40:18,0.0,25.048,121.532,,1.0
499,2020-02-26 13:34:15,1.0,23.88,121.62,4.0,
500,2020-02-26 13:34:32,0.0,23.977,121.604,,1.0
501,2020-02-26 13:35:39,0.0,24.071,120.542,,0.0
502,2020-02-26 13:35:39,0.0,,,,0.0
503,2020-02-26 13:37:06,0.0,24.071,120.542,,0.0
505,2020-03-12 14:07:06,1.0,23.85,121.55,3.0,
506,2020-03-12 14:07:33,0.0,25.048,121.532,,1.0
507,2020-03-12 14:07:40,0.0,23.981,121.612,,0.0
510,2020-03-15 09:52:59,1.0,23.14,120.57,4.0,
511,2020-03-15 09:53:37,0.0,22.615,120.314,,1.0
515,2020-03-18 20:48:56,1.0,25.16,121.55,2.0,
516,2020-03-18 20:49:35,0.0,25.048,121.532,,1.0
517,2020-03-18 20:49:35,0.0,,,,1.0
526,2020-03-20 12:11:17,1.0,24.29,122.12,2.0,
527,2020-03-20 12:12:00,0.0,25.048,121.532,,1.0
528,2020-03-20 12:12:21,0.0,25.048,121.532,,0.0
530,2020-03-26 12:48:07,1.0,22.99,120.15,2.0,
531,2020-03-26 12:48:43,0.0,24.147,120.684,,1.0
533,2020-03-26 14:41:18,1.0,22.99,120.16,3.0,
534,2020-03-26 14:41:43,0.0,24.071,120.542,,1.0
540,2020-04-02 10:52:23,1.0,23.09,120.46,3.0,
541,2020-04-02 10:52:57,0.0,22.615,120.314,,1.0
542,2020-04-02 10:52:58,0.0,22.991,120.213,,0.0
543,2020-04-02 10:53:05,0.0,22.991,120.213,,0.0
544,2020-04-02 10:53:08,0.0,22.991,120.213,,0.0
545,2020-04-02 11:00:43,0.0,25.048,121.532,,0.0
553,2020-04-20 05:59:25,1.0,24.08,121.52,2.0,
554,2020-04-20 05:59:50,0.0,23.977,121.604,,1.0
556,2020-04-21 23:02:11,1.0,24.08,121.75,3.0,
557,2020-04-21 23:03:04,0.0,25.048,121.532,,1.0
559,2020-05-09 13:45:16,1.0,23.85,121.69,2.0,
560,2020-05-09 13:46:08,0.0,23.977,121.604,,1.0
561,2020-05-11 20:32:52,1.0,23.65,120.76,3.0,
562,2020-05-11 20:33:27,0.0,23.707,120.385,,1.0
563,2020-05-20 00:50:49,1.0,23.11,120.52,4.0,
564,2020-05-20 00:51:09,0.0,24.147,120.684,,1.0
565,2020-05-20 00:51:09,0.0,,,,1.0
577,2020-05-25 10:09:58,1.0,24.36,121.96,3.0,
584,2020-05-29 03:34:23,1.0,23.65,120.76,4.0,
585,2020-05-29 03:34:50,0.0,24.071,120.542,,1.0
593,2020-05-30 21:02:30,1.0,24.1,121.55,4.0,
594,2020-05-30 21:02:49,0.0,23.981,121.612,,1.0
595,2020-05-30 21:03:33,0.0,24.671,121.159,,1.0
596,2020-05-30 21:05:24,0.0,23.906,120.687,,0.0
600,2020-06-07 09:49:23,1.0,24.13,121.65,4.0,
601,2020-06-07 09:49:55,0.0,23.5,121.0,,1.0
602,2020-06-07 09:52:31,0.0,25.048,121.532,,0.0
604,2020-06-08 10:32:24,1.0,24.27,121.7,3.0,
607,2020-06-11 09:38:26,1.0,24.5,122.4,3.0,
608,2020-06-11 09:39:09,0.0,24.757,121.753,,1.0
609,2020-06-11 09:39:09,0.0,24.757,121.753,,1.0
610,2020-06-11 09:39:09,0.0,,,,1.0
611,2020-06-11 09:39:30,0.0,25.048,121.532,,0.0
612,2020-06-11 09:39:30,0.0,25.048,121.532,,0.0
613,2020-06-11 09:39:31,0.0,25.048,121.532,,0.0
614,2020-06-11 09:39:31,0.0,,,,0.0
615,2020-06-11 09:39:40,0.0,24.757,121.753,,0.0
616,2020-06-11 09:39:45,0.0,25.048,121.532,,0.0
617,2020-06-11 09:39:45,0.0,25.048,121.532,,0.0
618,2020-06-11 09:40:01,0.0,24.807,120.971,,0.0
619,2020-06-11 09:40:03,0.0,25.048,121.532,,0.0
620,2020-06-11 09:40:04,0.0,25.048,121.532,,0.0
621,2020-06-11 09:40:04,0.0,25.048,121.532,,0.0
622,2020-06-11 09:40:12,0.0,25.048,121.532,,0.0
623,2020-06-11 09:40:14,0.0,24.147,120.684,,0.0
624,2020-06-11 09:40:15,0.0,25.048,121.532,,0.0
625,2020-06-11 09:40:15,0.0,25.048,121.532,,0.0
626,2020-06-11 09:40:39,0.0,25.048,121.532,,0.0
627,2020-06-11 09:40:39,0.0,25.048,121.532,,0.0
628,2020-06-11 09:40:47,0.0,25.048,121.532,,0.0
629,2020-06-11 09:41:20,0.0,25.048,121.532,,0.0
630,2020-06-11 09:41:20,0.0,25.048,121.532,,0.0
631,2020-06-11 09:41:42,0.0,22.991,120.213,,0.0
632,2020-06-11 09:41:42,0.0,22.991,120.213,,0.0
633,2020-06-11 09:42:46,0.0,25.048,121.532,,0.0
634,2020-06-11 09:43:23,0.0,25.048,121.532,,0.0
635,2020-06-11 09:43:23,0.0,25.048,121.532,,0.0
636,2020-06-11 09:44:05,0.0,25.048,121.532,,0.0
637,2020-06-11 09:44:05,0.0,25.048,121.532,,0.0
638,2020-06-11 09:44:05,0.0,,,,0.0
639,2020-06-11 09:44:31,0.0,25.048,121.532,,0.0
640,2020-06-11 09:44:31,0.0,25.048,121.532,,0.0
641,2020-06-11 09:44:31,0.0,25.048,121.532,,0.0
654,2020-06-12 08:21:35,1.0,24.01,121.69,3.0,
655,2020-06-12 08:21:58,0.0,23.981,121.612,,1.0
656,2020-06-12 08:21:58,0.0,23.981,121.612,,1.0
657,2020-06-12 08:23:14,0.0,23.906,120.687,,0.0
658,2020-06-12 08:23:29,0.0,24.989,121.318,,0.0
663,2020-06-14 04:19:00,1.0,24.27,122.44,3.0,
664,2020-06-14 04:19:37,0.0,24.757,121.753,,1.0
665,2020-06-14 04:19:58,0.0,25.048,121.532,,0.0
666,2020-06-14 04:20:01,0.0,22.991,120.213,,0.0
667,2020-06-14 04:20:03,0.0,22.991,120.213,,0.0
668,2020-06-14 04:20:03,0.0,22.991,120.213,,0.0
669,2020-06-14 04:20:10,0.0,22.615,120.314,,0.0
670,2020-06-14 04:20:13,0.0,25.048,121.532,,0.0
671,2020-06-14 04:20:16,0.0,24.147,120.684,,0.0
672,2020-06-14 04:20:16,0.0,25.048,121.532,,1.0
673,2020-06-14 04:20:19,0.0,25.048,121.532,,0.0
674,2020-06-14 04:20:20,0.0,25.048,121.532,,0.0
675,2020-06-14 04:20:22,0.0,23.5,121.0,,0.0
676,2020-06-14 04:20:22,0.0,25.048,121.532,,0.0
677,2020-06-14 04:20:28,0.0,25.048,121.532,,0.0
678,2020-06-14 04:20:30,0.0,24.071,120.542,,0.0
679,2020-06-14 04:20:34,0.0,23.5,121.0,,0.0
680,2020-06-14 04:20:35,0.0,25.048,121.532,,0.0
681,2020-06-14 04:20:37,0.0,25.048,121.532,,0.0
682,2020-06-14 04:20:38,0.0,25.048,121.532,,0.0
683,2020-06-14 04:20:45,0.0,25.048,121.532,,0.0
684,2020-06-14 04:20:48,0.0,25.048,121.532,,0.0
685,2020-06-14 04:20:49,0.0,25.048,121.532,,0.0
686,2020-06-14 04:21:01,0.0,25.048,121.532,,0.0
687,2020-06-14 04:21:01,0.0,25.048,121.532,,0.0
688,2020-06-14 04:21:13,0.0,24.147,120.684,,0.0
689,2020-06-14 04:21:18,0.0,24.994,121.297,,0.0
690,2020-06-14 04:21:27,0.0,25.048,121.532,,0.0
691,2020-06-14 04:21:38,0.0,24.807,120.971,,0.0
692,2020-06-14 04:23:10,0.0,25.048,121.532,,0.0
693,2020-06-14 04:23:10,0.0,25.048,121.532,,0.0
694,2020-06-14 04:23:36,0.0,25.048,121.532,,0.0
695,2020-06-14 04:23:36,0.0,25.048,121.532,,0.0
696,2020-06-14 04:24:37,0.0,28.012,-82.58200000000002,,0.0
697,2020-06-14 04:24:37,0.0,25.048,121.532,,0.0
698,2020-06-14 04:25:32,0.0,25.048,121.532,,0.0
699,2020-06-14 04:25:32,0.0,,,,0.0
700,2020-06-14 04:27:09,0.0,25.048,121.532,,0.0
701,2020-06-14 04:27:09,0.0,,,,0.0
712,2020-06-17 07:17:00,1.0,24.62,121.98,3.0,
713,2020-06-17 07:17:37,0.0,25.048,121.532,,1.0
714,2020-06-17 07:17:51,0.0,25.048,121.532,,0.0
715,2020-06-17 07:17:51,0.0,25.048,121.532,,0.0
716,2020-06-17 07:17:52,0.0,25.048,121.532,,0.0
717,2020-06-17 07:18:00,0.0,24.147,120.684,,0.0
718,2020-06-17 07:18:05,0.0,24.147,120.684,,0.0
719,2020-06-17 07:18:10,0.0,25.048,121.532,,0.0
720,2020-06-17 07:18:12,0.0,25.048,121.532,,0.0
721,2020-06-17 07:18:17,0.0,25.048,121.532,,0.0
722,2020-06-17 07:18:48,0.0,25.048,121.532,,0.0
